NV Item Name;NV ID
NV_PREF_MODE_I;10
NV_LCD_I;72
NV_AUTO_ANSWER_I;74
NV_VBATT_I;90
NV_THERM_I;141
NV_RF_CONFIG_I;148
NV_PRL_ENABLED_I;256
NV_BAND_PREF_I;441
NV_FTM_MODE;453
NV_WCDMA_RX_LIN_VS_TEMP_I;516
NV_WCDMA_RX_SLP_VS_TEMP_I;517
NV_WCDMA_LNA_RANGE_POL_I;518
NV_WCDMA_LNA_RANGE_RISE_I;519
NV_WCDMA_LNA_RANGE_FALL_I;520
NV_WCDMA_IM_LEVEL_I;521
NV_WCDMA_NONBYPASS_TIMER_I;522
NV_WCDMA_BYPASS_TIMER_I;523
NV_WCDMA_LNA_RANGE_OFFSET_I;524
NV_WCDMA_LNA_OFFSET_VS_FREQ_I;525
NV_WCDMA_TX_LIN_MASTER_0_I;529
NV_WCDMA_TX_LIN_MASTER_1_I;530
NV_WCDMA_TX_COMP_VS_FREQ_0_I;531
NV_WCDMA_TX_COMP_VS_FREQ_1_I;532
NV_WCDMA_TX_LIN_VS_TEMP_0_I;533
NV_WCDMA_TX_LIN_VS_TEMP_1_I;534
NV_WCDMA_TX_SLP_VS_TEMP_0_I;535
NV_WCDMA_TX_SLP_VS_TEMP_1_I;536
NV_WCDMA_R1_RISE_I;537
NV_WCDMA_R1_FALL_I;538
NV_WCDMA_TX_LIM_VS_TEMP_I;539
NV_WCDMA_TX_LIM_VS_FREQ_I;540
NV_WCDMA_EXP_HDET_VS_AGC_I;542
NV_WCDMA_HDET_OFF_I;543
NV_WCDMA_HDET_SPN_I;544
NV_WCDMA_ENC_BTF_I;545
NV_RF_CAL_DATE_I;571
NV_RF_NV_LOADED_DATE_I;572
NV_GSM_CAL_ARFCN_I;724
NV_DCS_CAL_ARFCN_I;725
NV_GSM_RX_GAIN_RANGE_1_FREQ_COMP_I;726
NV_GSM_RX_GAIN_RANGE_2_FREQ_COMP_I;727
NV_GSM_RX_GAIN_RANGE_3_FREQ_COMP_I;728
NV_GSM_RX_GAIN_RANGE_4_FREQ_COMP_I;729
NV_DCS_RX_GAIN_RANGE_1_FREQ_COMP_I;730
NV_DCS_RX_GAIN_RANGE_2_FREQ_COMP_I;731
NV_DCS_RX_GAIN_RANGE_3_FREQ_COMP_I;732
NV_DCS_RX_GAIN_RANGE_4_FREQ_COMP_I;733
NV_GSM_TRK_LO_ADJ_PDM_INIT_VAL_I;734
NV_GSM_TRK_LO_ADJ_PDM_GAIN_SLOPE_I;735
NV_GSM_VBATT_HI_PA_COMP_I;806
NV_GSM_VBATT_LO_PA_COMP_I;807
NV_DCS_VBATT_HI_PA_COMP_I;808
NV_DCS_VBATT_LO_PA_COMP_I;809
NV_VBATT_3200_MV_ADC_I;810
NV_VBATT_3700_MV_ADC_I;811
NV_VBATT_4200_MV_ADC_I;812
NV_GSM_PRECHARGE_I;813
NV_DCS_PRECHARGE_I;814
NV_GSM_PRECHARGE_DUR_I;815
NV_DCS_PRECHARGE_DUR_I;816
NV_GSM_PA_START_TIME_OFFSET_I;819
NV_GSM_PA_STOP_TIME_OFFSET_I;820
NV_DCS_PA_START_TIME_OFFSET_I;821
NV_DCS_PA_STOP_TIME_OFFSET_I;822
NV_ACQ_ORDER_PREF_I;848
NV_SERVICE_DOMAIN_PREF_I;850
NV_WCDMA_VGA_GAIN_OFFSET_I;856
NV_WCDMA_VGA_GAIN_OFFSET_VS_FREQ_I;857
NV_WCDMA_VGA_GAIN_OFFSET_VS_TEMP_I;858
NV_WCDMA_LNA_RANGE_RISE_2_I;859
NV_WCDMA_LNA_RANGE_RISE_3_I;860
NV_WCDMA_LNA_RANGE_FALL_2_I;861
NV_WCDMA_LNA_RANGE_FALL_3_I;862
NV_WCDMA_IM_LEVEL_2_I;863
NV_WCDMA_IM_LEVEL_3_I;864
NV_WCDMA_LNA_RANGE_OFFSET_2_I;865
NV_WCDMA_LNA_RANGE_OFFSET_3_I;866
NV_WCDMA_LNA_OFFSET_VS_FREQ_2_I;867
NV_WCDMA_LNA_OFFSET_VS_FREQ_3_I;868
NV_WCDMA_IM2_I_VALUE_I;869
NV_WCDMA_IM2_Q_VALUE_I;870
NV_WCDMA_IM2_TRANSCONDUCTOR_VALUE_I;871
NV_WCDMA_VBATT_I;874
NV_WCDMA_THERM_I;875
NV_WCDMA_MAX_TX_POWER_I;876
NV_RRC_INTEGRITY_ENABLED_I;880
NV_RRC_CIPHERING_ENABLED_I;881
NV_RRC_FAKE_SECURITY_ENABLED_I;882
NV_GSM_GAINRANGE_SWITCHPOINTS_I;916
NV_DCS_GAINRANGE_SWITCHPOINTS_I;917
NV_VCO_COARSE_TUNE_TABLE_I;931
NV_BAND_PREF_16_31_I;946
NV_FORCE_UE_SGSNR_R99_I;1030
NV_FORCE_UE_MSCR_R99_I;1031
NV_GSM_1900_CAL_ARFCN_I;1057
NV_GSM_1900_RX_GAIN_RANGE_1_FREQ_COMP_I;1058
NV_GSM_1900_RX_GAIN_RANGE_2_FREQ_COMP_I;1059
NV_GSM_1900_RX_GAIN_RANGE_3_FREQ_COMP_I;1060
NV_GSM_1900_RX_GAIN_RANGE_4_FREQ_COMP_I;1061
NV_GSM_1900_TX_BURST_RAMP_UP_INDEX_00_I;1062
NV_GSM_1900_VBATT_HI_PA_COMP_I;1096
NV_GSM_1900_VBATT_LO_PA_COMP_I;1097
NV_GSM_1900_PA_START_TIME_OFFSET_I;1098
NV_GSM_1900_PA_STOP_TIME_OFFSET_I;1099
NV_GSM_1900_GAINRANGE_SWITCHPOINTS_I;1100
NV_GSM_850_CAL_ARFCN_I;1101
NV_GSM_850_RX_GAIN_RANGE_1_FREQ_COMP_I;1102
NV_GSM_850_RX_GAIN_RANGE_2_FREQ_COMP_I;1103
NV_GSM_850_RX_GAIN_RANGE_3_FREQ_COMP_I;1104
NV_GSM_850_RX_GAIN_RANGE_4_FREQ_COMP_I;1105
NV_GSM_850_TX_BURST_RAMP_UP_INDEX_00_I;1106
NV_GSM_850_VBATT_HI_PA_COMP_I;1138
NV_GSM_850_VBATT_LO_PA_COMP_I;1139
NV_GSM_850_PA_START_TIME_OFFSET_I;1140
NV_GSM_850_PA_STOP_TIME_OFFSET_I;1141
NV_GSM_850_GAINRANGE_SWITCHPOINTS_I;1142
NV_WCDMA_1900_VGA_GAIN_OFFSET_I;1143
NV_WCDMA_1900_VGA_GAIN_OFFSET_VS_FREQ_I;1144
NV_WCDMA_1900_VGA_GAIN_OFFSET_VS_TEMP_I;1145
NV_WCDMA_1900_LNA_RANGE_RISE_2_I;1146
NV_WCDMA_1900_LNA_RANGE_RISE_3_I;1147
NV_WCDMA_1900_LNA_RANGE_FALL_2_I;1148
NV_WCDMA_1900_LNA_RANGE_FALL_3_I;1149
NV_WCDMA_1900_IM_LEVEL_2_I;1150
NV_WCDMA_1900_IM_LEVEL_3_I;1151
NV_WCDMA_1900_LNA_RANGE_OFFSET_2_I;1152
NV_WCDMA_1900_LNA_RANGE_OFFSET_3_I;1153
NV_WCDMA_1900_LNA_OFFSET_VS_FREQ_2_I;1154
NV_WCDMA_1900_LNA_OFFSET_VS_FREQ_3_I;1155
NV_WCDMA_1900_IM2_I_VALUE_I;1156
NV_WCDMA_1900_IM2_Q_VALUE_I;1157
NV_WCDMA_1900_IM2_TRANSCONDUCTOR_VALUE_I;1158
NV_WCDMA_1900_MAX_TX_POWER_I;1161
NV_WCDMA_1900_LNA_RANGE_RISE_I;1163
NV_WCDMA_1900_LNA_RANGE_FALL_I;1164
NV_WCDMA_1900_IM_LEVEL_I;1165
NV_WCDMA_1900_NONBYPASS_TIMER_I;1166
NV_WCDMA_1900_BYPASS_TIMER_I;1167
NV_WCDMA_1900_LNA_RANGE_OFFSET_I;1168
NV_WCDMA_1900_LNA_OFFSET_VS_FREQ_I;1169
NV_WCDMA_1900_TX_LIN_MASTER_0_I;1173
NV_WCDMA_1900_TX_LIN_MASTER_1_I;1174
NV_WCDMA_1900_TX_COMP_VS_FREQ_0_I;1175
NV_WCDMA_1900_TX_COMP_VS_FREQ_1_I;1176
NV_WCDMA_1900_TX_LIN_VS_TEMP_0_I;1177
NV_WCDMA_1900_TX_LIN_VS_TEMP_1_I;1178
NV_WCDMA_1900_TX_SLP_VS_TEMP_0_I;1179
NV_WCDMA_1900_TX_SLP_VS_TEMP_1_I;1180
NV_WCDMA_1900_R1_RISE_I;1181
NV_WCDMA_1900_R1_FALL_I;1182
NV_WCDMA_1900_TX_LIM_VS_TEMP_I;1183
NV_WCDMA_1900_TX_LIM_VS_FREQ_I;1184
NV_WCDMA_1900_EXP_HDET_VS_AGC_I;1186
NV_WCDMA_1900_HDET_OFF_I;1187
NV_WCDMA_1900_HDET_SPN_I;1188
NV_WCDMA_1900_ENC_BTF_I;1189
NV_WCDMA_AGC_PA_ON_RISE_DELAY_I;1196
NV_WCDMA_AGC_PA_ON_FALL_DELAY_I;1197
NV_WCDMA_AGC_TX_ON_RISE_DELAY_I;1198
NV_WCDMA_AGC_TX_ON_FALL_DELAY_I;1199
NV_WCDMA_AGC_UPDATE_TX_AGC_TIME_I;1200
NV_WCDMA_1900_AGC_PA_ON_RISE_DELAY_I;1201
NV_WCDMA_1900_AGC_PA_ON_FALL_DELAY_I;1202
NV_WCDMA_1900_AGC_TX_ON_RISE_DELAY_I;1203
NV_WCDMA_1900_AGC_TX_ON_FALL_DELAY_I;1204
NV_WCDMA_1900_AGC_UPDATE_TX_AGC_TIME_I;1205
NV_GSM_PA_TEMP_COMP_INDEX_0_I;1273
NV_GSM_PA_TEMP_COMP_INDEX_1_I;1274
NV_GSM_PA_TEMP_COMP_INDEX_2_I;1275
NV_DCS_PA_TEMP_COMP_INDEX_0_I;1287
NV_DCS_PA_TEMP_COMP_INDEX_1_I;1288
NV_DCS_PA_TEMP_COMP_INDEX_2_I;1289
NV_GSM_850_PA_TEMP_COMP_INDEX_00_I;1312
NV_GSM_850_PA_TEMP_COMP_INDEX_01_I;1313
NV_GSM_850_PA_TEMP_COMP_INDEX_02_I;1314
NV_GSM_1900_PA_TEMP_COMP_INDEX_00_I;1326
NV_GSM_1900_PA_TEMP_COMP_INDEX_01_I;1327
NV_GSM_1900_PA_TEMP_COMP_INDEX_02_I;1328
NV_WCDMA_PA_GAIN_UP_TIME_I;1347
NV_WCDMA_PA_GAIN_DOWN_TIME_I;1348
NV_RFR_BB_FILTER_I;1791
NV_RFR_IQ_LINE_RESISTOR_I;1792
NV_RFR_VCO_COARSE_TUNING_1900_I;1794
NV_WCDMA_TX_ROT_ANGLE_PA_STATE_00_I;1795
NV_WCDMA_TX_ROT_ANGLE_PA_STATE_01_I;1796
NV_WCDMA_TX_ROT_ANGLE_PA_STATE_10_I;1797
NV_WCDMA_TX_ROT_ANGLE_PA_STATE_11_I;1798
NV_PA_COMPENSATE_UP_I;1801
NV_PA_COMPENSATE_DOWN_I;1802
NV_WCDMA_800_VGA_GAIN_OFFSET_I;1814
NV_WCDMA_800_VGA_GAIN_OFFSET_VS_FREQ_I;1815
NV_WCDMA_800_VGA_GAIN_OFFSET_VS_TEMP_I;1816
NV_WCDMA_800_LNA_RANGE_RISE_2_I;1817
NV_WCDMA_800_LNA_RANGE_RISE_3_I;1818
NV_WCDMA_800_LNA_RANGE_FALL_2_I;1819
NV_WCDMA_800_LNA_RANGE_FALL_3_I;1820
NV_WCDMA_800_IM_LEVEL_2_I;1821
NV_WCDMA_800_IM_LEVEL_3_I;1822
NV_WCDMA_800_LNA_RANGE_OFFSET_2_I;1823
NV_WCDMA_800_LNA_RANGE_OFFSET_3_I;1824
NV_WCDMA_800_LNA_OFFSET_VS_FREQ_2_I;1825
NV_WCDMA_800_LNA_OFFSET_VS_FREQ_3_I;1826
NV_WCDMA_800_IM2_I_VALUE_I;1827
NV_WCDMA_800_IM2_Q_VALUE_I;1828
NV_WCDMA_800_IM2_TRANSCONDUCTOR_VALUE_I;1829
NV_WCDMA_800_RX_AGC_MIN_2_I;1830
NV_WCDMA_800_RX_AGC_MIN_3_I;1831
NV_WCDMA_800_MAX_TX_POWER_I;1832
NV_WCDMA_800_OUT_OF_SERVICE_THRESH_I;1833
NV_WCDMA_800_LNA_RANGE_RISE_I;1834
NV_WCDMA_800_LNA_RANGE_FALL_I;1835
NV_WCDMA_800_IM_LEVEL_I;1836
NV_WCDMA_800_NONBYPASS_TIMER_I;1837
NV_WCDMA_800_BYPASS_TIMER_I;1838
NV_WCDMA_800_LNA_RANGE_OFFSET_I;1839
NV_WCDMA_800_LNA_OFFSET_VS_FREQ_I;1840
NV_WCDMA_800_RX_AGC_MIN_I;1841
NV_WCDMA_800_RX_AGC_MAX_I;1842
NV_WCDMA_800_AGC_PHASE_OFFSET_I;1843
NV_WCDMA_800_TX_LIN_MASTER_0_I;1844
NV_WCDMA_800_TX_LIN_MASTER_1_I;1845
NV_WCDMA_800_TX_COMP_VS_FREQ_0_I;1846
NV_WCDMA_800_TX_COMP_VS_FREQ_1_I;1847
NV_WCDMA_800_TX_LIN_VS_TEMP_0_I;1848
NV_WCDMA_800_TX_LIN_VS_TEMP_1_I;1849
NV_WCDMA_800_TX_SLP_VS_TEMP_0_I;1850
NV_WCDMA_800_TX_SLP_VS_TEMP_1_I;1860
NV_WCDMA_800_R1_RISE_I;1861
NV_WCDMA_800_R1_FALL_I;1862
NV_WCDMA_800_TX_LIM_VS_TEMP_I;1863
NV_WCDMA_800_TX_LIM_VS_FREQ_I;1864
NV_WCDMA_800_EXP_HDET_VS_AGC_I;1866
NV_WCDMA_800_HDET_OFF_I;1867
NV_WCDMA_800_HDET_SPN_I;1868
NV_WCDMA_800_ENC_BTF_I;1869
NV_WCDMA_800_AGC_PA_ON_RISE_DELAY_I;1870
NV_WCDMA_800_AGC_PA_ON_FALL_DELAY_I;1871
NV_WCDMA_800_AGC_TX_ON_RISE_DELAY_I;1872
NV_WCDMA_800_AGC_TX_ON_FALL_DELAY_I;1873
NV_WCDMA_800_AGC_UPDATE_TX_AGC_TIME_I;1874
NV_RF_BC_CONFIG_I;1877
NV_RF_HW_CONFIG_I;1878
NV_VCO_DEFAULT_I;1882
NV_VCO_SLOPE_I;1883
NV_GSM_TX_BURST_OFFSET_ADJ_I;1891
NV_WCDMA_PRACH_R1_RISE_OFFSET_I;1908
NV_WCDMA_1900_PRACH_R1_RISE_OFFSET_I;1909
NV_WCDMA_PRACH_R1_FALL_OFFSET_I;1910
NV_WCDMA_1900_PRACH_R1_FALL_OFFSET_I;1911
NV_WCDMA_800_PRACH_R1_RISE_OFFSET_I;1912
NV_WCDMA_800_PRACH_R1_FALL_OFFSET_I;1931
NV_RF_ANTSEL_GSM_DEFAULT_I;1945
NV_RF_ANTSEL_GSM_850_TX_I;1946
NV_RF_ANTSEL_GSM_850_RX_I;1947
NV_RF_ANTSEL_GSM_900_TX_I;1948
NV_RF_ANTSEL_GSM_900_RX_I;1949
NV_RF_ANTSEL_GSM_1800_TX_I;1950
NV_RF_ANTSEL_GSM_1800_RX_I;1951
NV_RF_ANTSEL_GSM_1900_TX_I;1952
NV_RF_ANTSEL_GSM_1900_RX_I;1953
NV_RF_ANTSEL_UMTS_800_I;1954
NV_RF_ANTSEL_UMTS_1900_I;1955
NV_RF_ANTSEL_UMTS_2100_I;1956
NV_WCDMA_800_PA_COMPENSATE_UP_I;1963
NV_WCDMA_800_PA_COMPENSATE_DOWN_I;1964
NV_WCDMA_1900_PA_COMPENSATE_UP_I;1965
NV_WCDMA_1900_PA_COMPENSATE_DOWN_I;1966
NV_WCDMA_800_PA_GAIN_UP_TIME_I;1967
NV_WCDMA_800_PA_GAIN_DOWN_TIME_I;1968
NV_WCDMA_1900_PA_GAIN_UP_TIME_I;1969
NV_WCDMA_1900_PA_GAIN_DOWN_TIME_I;1970
NV_WCDMA_TX_CAL_CHAN_I;1971
NV_WCDMA_RX_CAL_CHAN_I;1972
NV_WCDMA_1900_TX_CAL_CHAN_I;1973
NV_WCDMA_1900_RX_CAL_CHAN_I;1974
NV_WCDMA_800_TX_CAL_CHAN_I;1975
NV_WCDMA_800_RX_CAL_CHAN_I;1976
NV_WCDMA_RX_DELAY_I;1985
NV_WCDMA_800_RX_DELAY_I;1986
NV_WCDMA_1900_RX_DELAY_I;1987
NV_WCDMA_TX_LIN_MASTER_2_I;2009
NV_WCDMA_TX_LIN_MASTER_3_I;2010
NV_WCDMA_TX_COMP_VS_FREQ_2_I;2011
NV_WCDMA_TX_COMP_VS_FREQ_3_I;2012
NV_WCDMA_TX_LIN_VS_TEMP_2_I;2013
NV_WCDMA_TX_LIN_VS_TEMP_3_I;2014
NV_WCDMA_TX_SLP_VS_TEMP_2_I;2015
NV_WCDMA_TX_SLP_VS_TEMP_3_I;2016
NV_WCDMA_R2_RISE_I;2017
NV_WCDMA_R2_FALL_I;2018
NV_WCDMA_R3_RISE_I;2019
NV_WCDMA_R3_FALL_I;2020
NV_PA_COMPENSATE_UP_R2_I;2021
NV_PA_COMPENSATE_DOWN_R2_I;2022
NV_PA_COMPENSATE_UP_R3_I;2023
NV_PA_COMPENSATE_DOWN_R3_I;2024
NV_WCDMA_PRACH_R2_RISE_OFFSET_I;2025
NV_WCDMA_PRACH_R2_FALL_OFFSET_I;2026
NV_WCDMA_PRACH_R3_RISE_OFFSET_I;2027
NV_WCDMA_PRACH_R3_FALL_OFFSET_I;2028
NV_WCDMA_PA_RANGE_MAP_I;2029
NV_WCDMA_1900_TX_LIN_MASTER_2_I;2030
NV_WCDMA_1900_TX_LIN_MASTER_3_I;2031
NV_WCDMA_1900_TX_COMP_VS_FREQ_2_I;2032
NV_WCDMA_1900_TX_COMP_VS_FREQ_3_I;2033
NV_WCDMA_1900_TX_LIN_VS_TEMP_2_I;2034
NV_WCDMA_1900_TX_LIN_VS_TEMP_3_I;2035
NV_WCDMA_1900_TX_SLP_VS_TEMP_2_I;2036
NV_WCDMA_1900_TX_SLP_VS_TEMP_3_I;2037
NV_WCDMA_1900_R2_RISE_I;2038
NV_WCDMA_1900_R2_FALL_I;2039
NV_WCDMA_1900_R3_RISE_I;2040
NV_WCDMA_1900_R3_FALL_I;2041
NV_WCDMA_1900_PA_COMPENSATE_UP_R2_I;2042
NV_WCDMA_1900_PA_COMPENSATE_DOWN_R2_I;2043
NV_WCDMA_1900_PA_COMPENSATE_UP_R3_I;2044
NV_WCDMA_1900_PA_COMPENSATE_DOWN_R3_I;2045
NV_WCDMA_1900_TX_ROT_ANGLE_PA_STATE_00_I;2046
NV_WCDMA_1900_TX_ROT_ANGLE_PA_STATE_01_I;2047
NV_WCDMA_1900_TX_ROT_ANGLE_PA_STATE_10_I;2048
NV_WCDMA_1900_TX_ROT_ANGLE_PA_STATE_11_I;2049
NV_WCDMA_1900_PRACH_R2_RISE_OFFSET_I;2050
NV_WCDMA_1900_PRACH_R2_FALL_OFFSET_I;2051
NV_WCDMA_1900_PRACH_R3_RISE_OFFSET_I;2052
NV_WCDMA_1900_PRACH_R3_FALL_OFFSET_I;2053
NV_WCDMA_1900_PA_RANGE_MAP_I;2054
NV_WCDMA_800_TX_LIN_MASTER_2_I;2055
NV_WCDMA_800_TX_LIN_MASTER_3_I;2056
NV_WCDMA_800_TX_COMP_VS_FREQ_2_I;2057
NV_WCDMA_800_TX_COMP_VS_FREQ_3_I;2058
NV_WCDMA_800_TX_LIN_VS_TEMP_2_I;2059
NV_WCDMA_800_TX_LIN_VS_TEMP_3_I;2060
NV_WCDMA_800_TX_SLP_VS_TEMP_2_I;2061
NV_WCDMA_800_TX_SLP_VS_TEMP_3_I;2062
NV_WCDMA_800_R2_RISE_I;2063
NV_WCDMA_800_R2_FALL_I;2064
NV_WCDMA_800_R3_RISE_I;2065
NV_WCDMA_800_R3_FALL_I;2066
NV_WCDMA_800_PA_COMPENSATE_UP_R2_I;2067
NV_WCDMA_800_PA_COMPENSATE_DOWN_R2_I;2068
NV_WCDMA_800_PA_COMPENSATE_UP_R3_I;2069
NV_WCDMA_800_PA_COMPENSATE_DOWN_R3_I;2070
NV_WCDMA_800_TX_ROT_ANGLE_PA_STATE_00_I;2071
NV_WCDMA_800_TX_ROT_ANGLE_PA_STATE_01_I;2072
NV_WCDMA_800_TX_ROT_ANGLE_PA_STATE_10_I;2073
NV_WCDMA_800_TX_ROT_ANGLE_PA_STATE_11_I;2074
NV_WCDMA_800_PRACH_R2_RISE_OFFSET_I;2075
NV_WCDMA_800_PRACH_R2_FALL_OFFSET_I;2076
NV_WCDMA_800_PRACH_R3_RISE_OFFSET_I;2077
NV_WCDMA_800_PRACH_R3_FALL_OFFSET_I;2078
NV_WCDMA_800_PA_RANGE_MAP_I;2079
NV_FACTORY_DATA_3_I;2499
NV_FACTORY_DATA_4_I;2500
NV_GSM_AMAM_MASTER_TBL_SEG1_F1_I;2521
NV_GSM_AMAM_MASTER_TBL_SEG2_F1_I;2522
NV_GSM_AMAM_MASTER_TBL_SEG3_F1_I;2523
NV_GSM_AMAM_MASTER_TBL_SEG4_F1_I;2524
NV_GSM_AMAM_MASTER_TBL_SEG5_F1_I;2525
NV_GSM_AMAM_MASTER_TBL_SEG6_F1_I;2526
NV_GSM_AMAM_MASTER_TBL_SEG7_F1_I;2527
NV_GSM_AMAM_MASTER_TBL_SEG8_F1_I;2528
NV_DCS_AMAM_MASTER_TBL_SEG1_F1_I;2529
NV_DCS_AMAM_MASTER_TBL_SEG2_F1_I;2530
NV_DCS_AMAM_MASTER_TBL_SEG3_F1_I;2531
NV_DCS_AMAM_MASTER_TBL_SEG4_F1_I;2532
NV_DCS_AMAM_MASTER_TBL_SEG5_F1_I;2533
NV_DCS_AMAM_MASTER_TBL_SEG6_F1_I;2534
NV_DCS_AMAM_MASTER_TBL_SEG7_F1_I;2535
NV_DCS_AMAM_MASTER_TBL_SEG8_F1_I;2536
NV_GSM_850_AMAM_MASTER_TBL_SEG1_F1_I;2537
NV_GSM_850_AMAM_MASTER_TBL_SEG2_F1_I;2538
NV_GSM_850_AMAM_MASTER_TBL_SEG3_F1_I;2539
NV_GSM_850_AMAM_MASTER_TBL_SEG4_F1_I;2540
NV_GSM_850_AMAM_MASTER_TBL_SEG5_F1_I;2541
NV_GSM_850_AMAM_MASTER_TBL_SEG6_F1_I;2542
NV_GSM_850_AMAM_MASTER_TBL_SEG7_F1_I;2543
NV_GSM_850_AMAM_MASTER_TBL_SEG8_F1_I;2544
NV_GSM_1900_AMAM_MASTER_TBL_SEG1_F1_I;2545
NV_GSM_1900_AMAM_MASTER_TBL_SEG2_F1_I;2546
NV_GSM_1900_AMAM_MASTER_TBL_SEG3_F1_I;2547
NV_GSM_1900_AMAM_MASTER_TBL_SEG4_F1_I;2548
NV_GSM_1900_AMAM_MASTER_TBL_SEG5_F1_I;2549
NV_GSM_1900_AMAM_MASTER_TBL_SEG6_F1_I;2550
NV_GSM_1900_AMAM_MASTER_TBL_SEG7_F1_I;2551
NV_GSM_1900_AMAM_MASTER_TBL_SEG8_F1_I;2552
NV_GSM_AMAM_MASTER_TBL_SEG1_F2_I;2553
NV_GSM_AMAM_MASTER_TBL_SEG2_F2_I;2554
NV_GSM_AMAM_MASTER_TBL_SEG3_F2_I;2555
NV_GSM_AMAM_MASTER_TBL_SEG4_F2_I;2556
NV_GSM_AMAM_MASTER_TBL_SEG5_F2_I;2557
NV_GSM_AMAM_MASTER_TBL_SEG6_F2_I;2558
NV_GSM_AMAM_MASTER_TBL_SEG7_F2_I;2559
NV_GSM_AMAM_MASTER_TBL_SEG8_F2_I;2560
NV_DCS_AMAM_MASTER_TBL_SEG1_F2_I;2561
NV_DCS_AMAM_MASTER_TBL_SEG2_F2_I;2562
NV_DCS_AMAM_MASTER_TBL_SEG3_F2_I;2563
NV_DCS_AMAM_MASTER_TBL_SEG4_F2_I;2564
NV_DCS_AMAM_MASTER_TBL_SEG5_F2_I;2565
NV_DCS_AMAM_MASTER_TBL_SEG6_F2_I;2566
NV_DCS_AMAM_MASTER_TBL_SEG7_F2_I;2567
NV_DCS_AMAM_MASTER_TBL_SEG8_F2_I;2568
NV_GSM_850_AMAM_MASTER_TBL_SEG1_F2_I;2569
NV_GSM_850_AMAM_MASTER_TBL_SEG2_F2_I;2570
NV_GSM_850_AMAM_MASTER_TBL_SEG3_F2_I;2571
NV_GSM_850_AMAM_MASTER_TBL_SEG4_F2_I;2572
NV_GSM_850_AMAM_MASTER_TBL_SEG5_F2_I;2573
NV_GSM_850_AMAM_MASTER_TBL_SEG6_F2_I;2574
NV_GSM_850_AMAM_MASTER_TBL_SEG7_F2_I;2575
NV_GSM_850_AMAM_MASTER_TBL_SEG8_F2_I;2576
NV_GSM_1900_AMAM_MASTER_TBL_SEG1_F2_I;2577
NV_GSM_1900_AMAM_MASTER_TBL_SEG2_F2_I;2578
NV_GSM_1900_AMAM_MASTER_TBL_SEG3_F2_I;2579
NV_GSM_1900_AMAM_MASTER_TBL_SEG4_F2_I;2580
NV_GSM_1900_AMAM_MASTER_TBL_SEG5_F2_I;2581
NV_GSM_1900_AMAM_MASTER_TBL_SEG6_F2_I;2582
NV_GSM_1900_AMAM_MASTER_TBL_SEG7_F2_I;2583
NV_GSM_1900_AMAM_MASTER_TBL_SEG8_F2_I;2584
NV_GSM_AMPM_MASTER_TBL_SEG1_F1_I;2585
NV_GSM_AMPM_MASTER_TBL_SEG2_F1_I;2586
NV_GSM_AMPM_MASTER_TBL_SEG3_F1_I;2587
NV_GSM_AMPM_MASTER_TBL_SEG4_F1_I;2588
NV_GSM_AMPM_MASTER_TBL_SEG5_F1_I;2589
NV_GSM_AMPM_MASTER_TBL_SEG6_F1_I;2590
NV_GSM_AMPM_MASTER_TBL_SEG7_F1_I;2591
NV_GSM_AMPM_MASTER_TBL_SEG8_F1_I;2592
NV_DCS_AMPM_MASTER_TBL_SEG1_F1_I;2593
NV_DCS_AMPM_MASTER_TBL_SEG2_F1_I;2594
NV_DCS_AMPM_MASTER_TBL_SEG3_F1_I;2595
NV_DCS_AMPM_MASTER_TBL_SEG4_F1_I;2596
NV_DCS_AMPM_MASTER_TBL_SEG5_F1_I;2597
NV_DCS_AMPM_MASTER_TBL_SEG6_F1_I;2598
NV_DCS_AMPM_MASTER_TBL_SEG7_F1_I;2599
NV_DCS_AMPM_MASTER_TBL_SEG8_F1_I;2600
NV_GSM_850_AMPM_MASTER_TBL_SEG1_F1_I;2601
NV_GSM_850_AMPM_MASTER_TBL_SEG2_F1_I;2602
NV_GSM_850_AMPM_MASTER_TBL_SEG3_F1_I;2603
NV_GSM_850_AMPM_MASTER_TBL_SEG4_F1_I;2604
NV_GSM_850_AMPM_MASTER_TBL_SEG5_F1_I;2605
NV_GSM_850_AMPM_MASTER_TBL_SEG6_F1_I;2606
NV_GSM_850_AMPM_MASTER_TBL_SEG7_F1_I;2607
NV_GSM_850_AMPM_MASTER_TBL_SEG8_F1_I;2608
NV_GSM_1900_AMPM_MASTER_TBL_SEG1_F1_I;2609
NV_GSM_1900_AMPM_MASTER_TBL_SEG2_F1_I;2610
NV_GSM_1900_AMPM_MASTER_TBL_SEG3_F1_I;2611
NV_GSM_1900_AMPM_MASTER_TBL_SEG4_F1_I;2612
NV_GSM_1900_AMPM_MASTER_TBL_SEG5_F1_I;2613
NV_GSM_1900_AMPM_MASTER_TBL_SEG6_F1_I;2614
NV_GSM_1900_AMPM_MASTER_TBL_SEG7_F1_I;2615
NV_GSM_1900_AMPM_MASTER_TBL_SEG8_F1_I;2616
NV_GSM_AMPM_MASTER_TBL_SEG1_F2_I;2617
NV_GSM_AMPM_MASTER_TBL_SEG2_F2_I;2618
NV_GSM_AMPM_MASTER_TBL_SEG3_F2_I;2619
NV_GSM_AMPM_MASTER_TBL_SEG4_F2_I;2620
NV_GSM_AMPM_MASTER_TBL_SEG5_F2_I;2621
NV_GSM_AMPM_MASTER_TBL_SEG6_F2_I;2622
NV_GSM_AMPM_MASTER_TBL_SEG7_F2_I;2623
NV_GSM_AMPM_MASTER_TBL_SEG8_F2_I;2624
NV_DCS_AMPM_MASTER_TBL_SEG1_F2_I;2625
NV_DCS_AMPM_MASTER_TBL_SEG2_F2_I;2626
NV_DCS_AMPM_MASTER_TBL_SEG3_F2_I;2627
NV_DCS_AMPM_MASTER_TBL_SEG4_F2_I;2628
NV_DCS_AMPM_MASTER_TBL_SEG5_F2_I;2629
NV_DCS_AMPM_MASTER_TBL_SEG6_F2_I;2630
NV_DCS_AMPM_MASTER_TBL_SEG7_F2_I;2631
NV_DCS_AMPM_MASTER_TBL_SEG8_F2_I;2632
NV_GSM_850_AMPM_MASTER_TBL_SEG1_F2_I;2633
NV_GSM_850_AMPM_MASTER_TBL_SEG2_F2_I;2634
NV_GSM_850_AMPM_MASTER_TBL_SEG3_F2_I;2635
NV_GSM_850_AMPM_MASTER_TBL_SEG4_F2_I;2636
NV_GSM_850_AMPM_MASTER_TBL_SEG5_F2_I;2637
NV_GSM_850_AMPM_MASTER_TBL_SEG6_F2_I;2638
NV_GSM_850_AMPM_MASTER_TBL_SEG7_F2_I;2639
NV_GSM_850_AMPM_MASTER_TBL_SEG8_F2_I;2640
NV_GSM_1900_AMPM_MASTER_TBL_SEG1_F2_I;2641
NV_GSM_1900_AMPM_MASTER_TBL_SEG2_F2_I;2642
NV_GSM_1900_AMPM_MASTER_TBL_SEG3_F2_I;2643
NV_GSM_1900_AMPM_MASTER_TBL_SEG4_F2_I;2644
NV_GSM_1900_AMPM_MASTER_TBL_SEG5_F2_I;2645
NV_GSM_1900_AMPM_MASTER_TBL_SEG6_F2_I;2646
NV_GSM_1900_AMPM_MASTER_TBL_SEG7_F2_I;2647
NV_GSM_1900_AMPM_MASTER_TBL_SEG8_F2_I;2648
NV_WCDMA_MAX_PWR_BACKOFF_VOLTAGES_I;2712
NV_WCDMA_MAX_PWR_BACKOFF_VOLT1_I;2713
NV_WCDMA_MAX_PWR_BACKOFF_VOLT2_I;2714
NV_WCDMA_MAX_PWR_BACKOFF_VOLT3_I;2715
NV_WCDMA_1900_MAX_PWR_BACKOFF_VOLTAGES_I;2716
NV_WCDMA_1900_MAX_PWR_BACKOFF_VOLT1_I;2717
NV_WCDMA_1900_MAX_PWR_BACKOFF_VOLT2_I;2718
NV_WCDMA_1900_MAX_PWR_BACKOFF_VOLT3_I;2719
NV_WCDMA_800_MAX_PWR_BACKOFF_VOLTAGES_I;2720
NV_WCDMA_800_MAX_PWR_BACKOFF_VOLT1_I;2721
NV_WCDMA_800_MAX_PWR_BACKOFF_VOLT2_I;2722
NV_WCDMA_800_MAX_PWR_BACKOFF_VOLT3_I;2723
NV_WCDMA_HS_R1_RISE_I;2724
NV_WCDMA_HS_R1_FALL_I;2725
NV_WCDMA_HS_R2_RISE_I;2726
NV_WCDMA_HS_R2_FALL_I;2727
NV_WCDMA_HS_R3_RISE_I;2728
NV_WCDMA_HS_R3_FALL_I;2729
NV_WCDMA_1900_HS_R1_RISE_I;2730
NV_WCDMA_1900_HS_R1_FALL_I;2731
NV_WCDMA_1900_HS_R2_RISE_I;2732
NV_WCDMA_1900_HS_R2_FALL_I;2733
NV_WCDMA_1900_HS_R3_RISE_I;2734
NV_WCDMA_1900_HS_R3_FALL_I;2735
NV_WCDMA_800_HS_R1_RISE_I;2736
NV_WCDMA_800_HS_R1_FALL_I;2737
NV_WCDMA_800_HS_R2_RISE_I;2738
NV_WCDMA_800_HS_R2_FALL_I;2739
NV_WCDMA_800_HS_R3_RISE_I;2740
NV_WCDMA_800_HS_R3_FALL_I;2741
NV_GSM_AMAM_DYNAMIC_RANGE_I;2743
NV_DCS_AMAM_DYNAMIC_RANGE_I;2745
NV_GSM_850_AMAM_DYNAMIC_RANGE_I;2747
NV_GSM_1900_AMAM_DYNAMIC_RANGE_I;2749
NV_GSM_AMAM_SYS_GAIN_DC_CORR_I;2754
NV_GSM_850_AMAM_SYS_GAIN_DC_CORR_I;2755
NV_DCS_AMAM_SYS_GAIN_DC_CORR_I;2756
NV_GSM_1900_AMAM_SYS_GAIN_DC_CORR_I;2757
NV_GSM_AMAM_ARFCN_F1_I;2758
NV_DCS_AMAM_ARFCN_F1_I;2759
NV_GSM_850_AMAM_ARFCN_F1_I;2760
NV_GSM_1900_AMAM_ARFCN_F1_I;2761
NV_GSM_AMAM_ARFCN_F2_I;2762
NV_DCS_AMAM_ARFCN_F2_I;2763
NV_GSM_850_AMAM_ARFCN_F2_I;2764
NV_GSM_1900_AMAM_ARFCN_F2_I;2765
NV_GSM_POLAR_PATH_DELAY_I;2770
NV_DCS_POLAR_PATH_DELAY_I;2771
NV_GSM_850_POLAR_PATH_DELAY_I;2772
NV_GSM_1900_POLAR_PATH_DELAY_I;2773
NV_DCS_OPLL_BW_VAL_I;2775
NV_GSM_1900_OPLL_BW_VAL_I;2777
NV_GSM_BASEBAND_BW_VAL_I;2778
NV_DCS_BASEBAND_BW_VAL_I;2779
NV_GSM_850_BASEBAND_BW_VAL_I;2780
NV_GSM_1900_BASEBAND_BW_VAL_I;2781
NV_BT_ACTIVE_I;2839
NV_WCDMA_1900_DCH_AGC_UPDATE_TX_AGC_TIME_I;2947
NV_WCDMA_1900_AGC_TX_ADJ_PDM_DELAY_I;2948
NV_WCDMA_800_DCH_AGC_UPDATE_TX_AGC_TIME_I;2949
NV_WCDMA_800_AGC_TX_ADJ_PDM_DELAY_I;2950
NV_WCDMA_DCH_AGC_UPDATE_TX_AGC_TIME_I;2951
NV_WCDMA_AGC_TX_ADJ_PDM_DELAY_I;2952
NV_BAND_PREF_32_63_I;2954
NV_WCDMA_UTRAN_TX_LIM_VS_TEMP_OFFSET_I;2980
NV_WCDMA_800_UTRAN_TX_LIM_VS_TEMP_OFFSET_I;2982
NV_WCDMA_1900_UTRAN_TX_LIM_VS_TEMP_OFFSET_I;2983
NV_GSM_POWER_LEVELS_I;3059
NV_DCS_POWER_LEVELS_I;3060
NV_GSM_850_POWER_LEVELS_I;3061
NV_GSM_1900_POWER_LEVELS_I;3062
NV_GSM_PA_EN_START_I;3063
NV_GSM_ANT_TIMING_REL_TO_PA_EN_START_I;3064
NV_DCS_PA_EN_START_I;3065
NV_DCS_ANT_TIMING_REL_TO_PA_EN_START_I;3066
NV_GSM_850_PA_EN_START_I;3067
NV_GSM_1900_PA_EN_START_I;3068
NV_GSM_1900_ANT_TIMING_REL_TO_PA_EN_START_I;3069
NV_GSM_PA_EN_STOP_I;3070
NV_GSM_ANT_TIMING_REL_TO_PA_EN_STOP_I;3071
NV_DCS_PA_EN_STOP_I;3072
NV_DCS_ANT_TIMING_REL_TO_PA_EN_STOP_I;3073
NV_GSM_850_PA_EN_STOP_I;3074
NV_GSM_850_ANT_TIMING_REL_TO_PA_EN_STOP_I;3075
NV_GSM_1900_PA_EN_STOP_I;3076
NV_GSM_1900_ANT_TIMING_REL_TO_PA_EN_STOP_I;3077
NV_GSM_AMAM_MASTER_TBL_SEG1_F3_I;3078
NV_GSM_AMAM_MASTER_TBL_SEG2_F3_I;3079
NV_GSM_AMAM_MASTER_TBL_SEG3_F3_I;3080
NV_GSM_AMAM_MASTER_TBL_SEG4_F3_I;3081
NV_GSM_AMAM_MASTER_TBL_SEG5_F3_I;3082
NV_GSM_AMAM_MASTER_TBL_SEG6_F3_I;3083
NV_GSM_AMAM_MASTER_TBL_SEG7_F3_I;3084
NV_GSM_AMAM_MASTER_TBL_SEG8_F3_I;3085
NV_GSM_AMPM_MASTER_TBL_SEG1_F3_I;3110
NV_GSM_AMPM_MASTER_TBL_SEG2_F3_I;3111
NV_GSM_AMPM_MASTER_TBL_SEG3_F3_I;3112
NV_GSM_AMPM_MASTER_TBL_SEG4_F3_I;3113
NV_GSM_AMPM_MASTER_TBL_SEG5_F3_I;3114
NV_GSM_AMPM_MASTER_TBL_SEG6_F3_I;3115
NV_GSM_AMPM_MASTER_TBL_SEG7_F3_I;3116
NV_GSM_AMPM_MASTER_TBL_SEG8_F3_I;3117
NV_GSM_AMAM_ARFCN_F3_I;3142
NV_GSM_850_ANT_TIMING_REL_TO_PA_EN_START_I;3150
NV_RFR_VCO_COARSE_TUNING_800_I;3283
NV_GSM_POLAR_RAMP_PROFILE_I;3353
NV_GSM_850_PRECHARGE_I;3396
NV_GSM_850_PRECHARGE_DUR_I;3397
NV_GSM_1900_PRECHARGE_I;3398
NV_GSM_1900_PRECHARGE_DUR_I;3399
NV_GSM_PA_TRANSITION_TABLE_I;3431
NV_GSM_GAINRANGE5_SWITCHPOINTS_I;3501
NV_GSM_RX_GAIN_RANGE_5_FREQ_COMP_I;3502
NV_DCS_RX_GAIN_RANGE_5_FREQ_COMP_I;3503
NV_GSM_850_RX_GAIN_RANGE_5_FREQ_COMP_I;3504
NV_GSM_1900_RX_GAIN_RANGE_5_FREQ_COMP_I;3505
NV_DCS_GAINRANGE5_SWITCHPOINTS_I;3506
NV_GSM_850_GAINRANGE5_SWITCHPOINTS_I;3507
NV_GSM_1900_GAINRANGE5_SWITCHPOINTS_I;3508
NV_DCS_POLAR_RAMP_PROFILE_I;3509
NV_GSM_1900_POLAR_RAMP_PROFILE_I;3510
NV_GSM_850_POLAR_RAMP_PROFILE_I;3511
NV_SD_CFG_ITEMS_I;3635
NV_WCDMA_RRC_VERSION_I;3649
NV_WCDMA_900_VGA_GAIN_OFFSET_I;3650
NV_WCDMA_900_VGA_GAIN_OFFSET_VS_FREQ_I;3651
NV_WCDMA_900_VGA_GAIN_OFFSET_VS_TEMP_I;3652
NV_WCDMA_900_LNA_RANGE_RISE_2_I;3653
NV_WCDMA_900_LNA_RANGE_RISE_3_I;3654
NV_WCDMA_900_LNA_RANGE_FALL_2_I;3655
NV_WCDMA_900_LNA_RANGE_FALL_3_I;3656
NV_WCDMA_900_IM_LEVEL_2_I;3657
NV_WCDMA_900_IM_LEVEL_3_I;3658
NV_WCDMA_900_LNA_RANGE_OFFSET_2_I;3659
NV_WCDMA_900_LNA_RANGE_OFFSET_3_I;3660
NV_WCDMA_900_LNA_OFFSET_VS_FREQ_2_I;3661
NV_WCDMA_900_LNA_OFFSET_VS_FREQ_3_I;3662
NV_WCDMA_900_IM2_I_VALUE_I;3663
NV_WCDMA_900_IM2_Q_VALUE_I;3664
NV_WCDMA_900_IM2_TRANSCONDUCTOR_VALUE_I;3665
NV_WCDMA_900_RX_AGC_MIN_2_I;3666
NV_WCDMA_900_RX_AGC_MIN_3_I;3667
NV_WCDMA_900_MAX_TX_POWER_I;3668
NV_WCDMA_900_LNA_RANGE_RISE_I;3670
NV_WCDMA_900_LNA_RANGE_FALL_I;3671
NV_WCDMA_900_IM_LEVEL_I;3672
NV_WCDMA_900_NONBYPASS_TIMER_I;3673
NV_WCDMA_900_BYPASS_TIMER_I;3674
NV_WCDMA_900_LNA_RANGE_OFFSET_I;3675
NV_WCDMA_900_LNA_OFFSET_VS_FREQ_I;3676
NV_WCDMA_900_RX_AGC_MIN_I;3677
NV_WCDMA_900_RX_AGC_MAX_I;3678
NV_WCDMA_900_AGC_PHASE_OFFSET_I;3679
NV_WCDMA_900_TX_LIN_MASTER_0_I;3680
NV_WCDMA_900_TX_LIN_MASTER_1_I;3681
NV_WCDMA_900_TX_COMP_VS_FREQ_0_I;3682
NV_WCDMA_900_TX_COMP_VS_FREQ_1_I;3683
NV_WCDMA_900_TX_LIN_VS_TEMP_0_I;3684
NV_WCDMA_900_TX_LIN_VS_TEMP_1_I;3685
NV_WCDMA_900_R1_RISE_I;3688
NV_WCDMA_900_R1_FALL_I;3689
NV_WCDMA_900_TX_LIM_VS_TEMP_I;3690
NV_WCDMA_900_TX_LIM_VS_FREQ_I;3691
NV_WCDMA_900_EXP_HDET_VS_AGC_I;3693
NV_WCDMA_900_HDET_OFF_I;3694
NV_WCDMA_900_HDET_SPN_I;3695
NV_WCDMA_900_ENC_BTF_I;3696
NV_WCDMA_900_AGC_PA_ON_RISE_DELAY_I;3697
NV_WCDMA_900_AGC_PA_ON_FALL_DELAY_I;3698
NV_WCDMA_900_AGC_TX_ON_RISE_DELAY_I;3699
NV_WCDMA_900_AGC_TX_ON_FALL_DELAY_I;3700
NV_WCDMA_900_AGC_UPDATE_TX_AGC_TIME_I;3701
NV_WCDMA_900_PRACH_R1_RISE_OFFSET_I;3702
NV_WCDMA_900_PRACH_R1_FALL_OFFSET_I;3703
NV_WCDMA_900_TX_CAL_CHAN_I;3704
NV_WCDMA_900_RX_CAL_CHAN_I;3705
NV_WCDMA_900_TX_LIN_MASTER_2_I;3706
NV_WCDMA_900_TX_LIN_MASTER_3_I;3707
NV_WCDMA_900_TX_COMP_VS_FREQ_2_I;3708
NV_WCDMA_900_TX_COMP_VS_FREQ_3_I;3709
NV_WCDMA_900_TX_LIN_VS_TEMP_2_I;3710
NV_WCDMA_900_TX_LIN_VS_TEMP_3_I;3711
NV_WCDMA_900_R2_RISE_I;3714
NV_WCDMA_900_R2_FALL_I;3715
NV_WCDMA_900_R3_RISE_I;3716
NV_WCDMA_900_R3_FALL_I;3717
NV_WCDMA_900_PA_COMPENSATE_UP_R2_I;3718
NV_WCDMA_900_PA_COMPENSATE_DOWN_R2_I;3719
NV_WCDMA_900_PA_COMPENSATE_UP_R3_I;3720
NV_WCDMA_900_PA_COMPENSATE_DOWN_R3_I;3721
NV_WCDMA_900_TX_ROT_ANGLE_PA_STATE_00_I;3722
NV_WCDMA_900_TX_ROT_ANGLE_PA_STATE_01_I;3723
NV_WCDMA_900_TX_ROT_ANGLE_PA_STATE_10_I;3724
NV_WCDMA_900_TX_ROT_ANGLE_PA_STATE_11_I;3725
NV_WCDMA_900_PRACH_R2_RISE_OFFSET_I;3726
NV_WCDMA_900_PRACH_R2_FALL_OFFSET_I;3727
NV_WCDMA_900_PRACH_R3_RISE_OFFSET_I;3728
NV_WCDMA_900_PRACH_R3_FALL_OFFSET_I;3729
NV_WCDMA_900_PA_RANGE_MAP_I;3730
NV_WCDMA_900_DCH_AGC_UPDATE_TX_AGC_TIME_I;3731
NV_WCDMA_900_AGC_TX_ADJ_PDM_DELAY_I;3732
NV_WCDMA_900_UTRAN_TX_LIM_VS_TEMP_OFFSET_I;3733
NV_WCDMA_900_PA_GAIN_UP_TIME_I;3734
NV_WCDMA_900_PA_GAIN_DOWN_TIME_I;3735
NV_WCDMA_900_PA_COMPENSATE_UP_I;3736
NV_WCDMA_900_PA_COMPENSATE_DOWN_I;3737
NV_WCDMA_900_RX_DELAY_I;3738
NV_WCDMA_900_MAX_PWR_BACKOFF_VOLTAGES_I;3742
NV_WCDMA_900_MAX_PWR_BACKOFF_VOLT1_I;3743
NV_WCDMA_900_MAX_PWR_BACKOFF_VOLT2_I;3744
NV_WCDMA_900_MAX_PWR_BACKOFF_VOLT3_I;3745
NV_WCDMA_900_HS_R1_RISE_I;3746
NV_WCDMA_900_HS_R1_FALL_I;3747
NV_WCDMA_900_HS_R2_RISE_I;3748
NV_WCDMA_900_HS_R2_FALL_I;3749
NV_WCDMA_900_HS_R3_RISE_I;3750
NV_WCDMA_900_HS_R3_FALL_I;3751
NV_RFR_WCDMA_C0_C1_DELAY_I;3850
NV_WCDMA_TX_PDM_LIN_0_I;3969
NV_WCDMA_TX_PDM_LIN_1_I;3970
NV_WCDMA_TX_PDM_LIN_2_I;3971
NV_WCDMA_TX_PDM_LIN_3_I;3972
NV_WCDMA_800_TX_PDM_LIN_0_I;3973
NV_WCDMA_800_TX_PDM_LIN_1_I;3974
NV_WCDMA_800_TX_PDM_LIN_2_I;3975
NV_WCDMA_800_TX_PDM_LIN_3_I;3976
NV_WCDMA_1900_TX_PDM_LIN_0_I;3977
NV_WCDMA_1900_TX_PDM_LIN_1_I;3978
NV_WCDMA_1900_TX_PDM_LIN_2_I;3979
NV_WCDMA_1900_TX_PDM_LIN_3_I;3980
NV_WCDMA_900_TX_PDM_LIN_0_I;3981
NV_WCDMA_900_TX_PDM_LIN_1_I;3982
NV_WCDMA_900_TX_PDM_LIN_2_I;3983
NV_WCDMA_900_TX_PDM_LIN_3_I;3984
NV_RF_ANTSEL_UMTS_900_I;4098
NV_RTR_BB_FILTER_I;4103
NV_WCDMA_IACCUM_I;4161
NV_WCDMA_QACCUM_I;4162
NV_WCDMA_1900_IACCUM_I;4163
NV_WCDMA_1900_QACCUM_I;4164
NV_WCDMA_800_IACCUM_I;4169
NV_WCDMA_800_QACCUM_I;4170
NV_WCDMA_900_IACCUM_I;4171
NV_WCDMA_900_QACCUM_I;4172
NV_GSM_IM2_1800_I;4176
NV_GSM_IM2_1900_I;4177
NV_GSM_TX_RSB_CORR_I;4179
NV_DCS_TX_RSB_CORR_I;4180
NV_GSM_850_TX_RSB_CORR_I;4181
NV_GSM_1900_TX_RSB_CORR_I;4182
NV_WCDMA_1900_DRX_MODE_SEL_I;4195
NV_WCDMA_2100_DRX_MODE_SEL_I;4196
NV_WCDMA_800_DRX_MODE_SEL_I;4197
NV_WCDMA_900_DRX_MODE_SEL_I;4198
NV_GSM_PATH_DELAY_COMP_FREQ_TBL_I;4213
NV_GSM_850_PATH_DELAY_COMP_FREQ_TBL_I;4214
NV_GSM_PATH_DELAY_COLD_TEMP_VS_FREQ_I;4215
NV_GSM_PATH_DELAY_ROOM_TEMP_VS_FREQ_I;4216
NV_GSM_PATH_DELAY_HOT_TEMP_VS_FREQ_I;4217
NV_GSM_850_PATH_DELAY_COLD_TEMP_VS_FREQ_I;4218
NV_GSM_850_PATH_DELAY_ROOM_TEMP_VS_FREQ_I;4219
NV_GSM_850_PATH_DELAY_HOT_TEMP_VS_FREQ_I;4220
NV_THERM_VALUE_T1_I;4221
NV_THERM_VALUE_T2_I;4222
NV_THERM_VALUE_T3_I;4223
NV_THERM_VALUE_T4_I;4224
NV_THERM_TEMP_MIN_I;4225
NV_THERM_TEMP_MAX_I;4226
NV_SMS_MAX_PAYLOAD_LENGTH_I;4227
NV_RF_PM_CONFIG_I;4257
NV_GSM_850_PA_TEMP_COMP_MAX_PWR_I;4368
NV_GSM_PA_TEMP_COMP_MAX_PWR_I;4369
NV_DCS_PA_TEMP_COMP_MAX_PWR_I;4370
NV_GSM_1900_PA_TEMP_COMP_MAX_PWR_I;4371
NV_GSM_RSSI_TEMP_VALUES_I;4372
NV_GSM_850_RX_GAIN_RANGE_1_TEMP_COMP_I;4373
NV_GSM_RX_GAIN_RANGE_1_TEMP_COMP_I;4374
NV_DCS_RX_GAIN_RANGE_1_TEMP_COMP_I;4375
NV_GSM_1900_RX_GAIN_RANGE_1_TEMP_COMP_I;4376
NV_GSM_850_RX_GAIN_RANGE_2_TEMP_COMP_I;4377
NV_GSM_RX_GAIN_RANGE_2_TEMP_COMP_I;4378
NV_DCS_RX_GAIN_RANGE_2_TEMP_COMP_I;4379
NV_GSM_1900_RX_GAIN_RANGE_2_TEMP_COMP_I;4380
NV_GSM_850_RX_GAIN_RANGE_3_TEMP_COMP_I;4381
NV_GSM_RX_GAIN_RANGE_3_TEMP_COMP_I;4382
NV_DCS_RX_GAIN_RANGE_3_TEMP_COMP_I;4383
NV_GSM_1900_RX_GAIN_RANGE_3_TEMP_COMP_I;4384
NV_GSM_850_RX_GAIN_RANGE_4_TEMP_COMP_I;4385
NV_GSM_RX_GAIN_RANGE_4_TEMP_COMP_I;4386
NV_DCS_RX_GAIN_RANGE_4_TEMP_COMP_I;4387
NV_GSM_1900_RX_GAIN_RANGE_4_TEMP_COMP_I;4388
NV_GSM_850_RX_GAIN_RANGE_5_TEMP_COMP_I;4389
NV_GSM_RX_GAIN_RANGE_5_TEMP_COMP_I;4390
NV_DCS_RX_GAIN_RANGE_5_TEMP_COMP_I;4391
NV_GSM_1900_RX_GAIN_RANGE_5_TEMP_COMP_I;4392
NV_WCDMA_IM_LEVEL_4_I;4400
NV_WCDMA_LNA_OFFSET_VS_FREQ_4_I;4401
NV_WCDMA_LNA_RANGE_FALL_4_I;4402
NV_WCDMA_LNA_RANGE_OFFSET_4_I;4403
NV_WCDMA_LNA_RANGE_RISE_4_I;4404
NV_WCDMA_1900_IM_LEVEL_4_I;4405
NV_WCDMA_1900_LNA_OFFSET_VS_FREQ_4_I;4406
NV_WCDMA_1900_LNA_RANGE_FALL_4_I;4407
NV_WCDMA_1900_LNA_RANGE_OFFSET_4_I;4408
NV_WCDMA_1900_LNA_RANGE_RISE_4_I;4409
NV_WCDMA_800_IM_LEVEL_4_I;4410
NV_WCDMA_800_LNA_OFFSET_VS_FREQ_4_I;4411
NV_WCDMA_800_LNA_RANGE_FALL_4_I;4412
NV_WCDMA_800_LNA_RANGE_OFFSET_4_I;4413
NV_WCDMA_800_LNA_RANGE_RISE_4_I;4414
NV_WCDMA_900_IM_LEVEL_4_I;4420
NV_WCDMA_900_LNA_OFFSET_VS_FREQ_4_I;4421
NV_WCDMA_900_LNA_RANGE_FALL_4_I;4422
NV_WCDMA_900_LNA_RANGE_OFFSET_4_I;4423
NV_WCDMA_900_LNA_RANGE_RISE_4_I;4424
"NV_NAS_RELEASE_COMPLIANCE_I"";4722"
NV_WCDMA_900_HS_LNA_RANGE_RISE_2_I;4735
NV_WCDMA_900_HS_LNA_RANGE_RISE_I;4736
NV_WCDMA_900_HS_LNA_RANGE_RISE_3_I;4737
NV_WCDMA_900_HS_LNA_RANGE_RISE_4_I;4738
NV_WCDMA_900_HS_LNA_RANGE_FALL_4_I;4739
NV_WCDMA_900_HS_LNA_RANGE_FALL_3_I;4740
NV_WCDMA_900_HS_LNA_RANGE_FALL_2_I;4741
NV_WCDMA_900_HS_LNA_RANGE_FALL_I;4742
NV_WCDMA_900_HS_IM_LEVEL_2_I;4743
NV_WCDMA_900_HS_IM_LEVEL_3_I;4744
NV_WCDMA_900_HS_IM_LEVEL_1_I;4745
NV_WCDMA_900_HS_IM_LEVEL_4_I;4746
NV_WCDMA_1900_HS_LNA_RANGE_FALL_4_I;4759
NV_WCDMA_1900_HS_LNA_RANGE_FALL_3_I;4760
NV_WCDMA_1900_HS_LNA_RANGE_FALL_2_I;4761
NV_WCDMA_1900_HS_LNA_RANGE_FALL_I;4762
NV_WCDMA_1900_HS_LNA_RANGE_RISE_4_I;4763
NV_WCDMA_1900_HS_LNA_RANGE_RISE_3_I;4764
NV_WCDMA_1900_HS_LNA_RANGE_RISE_2_I;4765
NV_WCDMA_1900_HS_LNA_RANGE_RISE_I;4766
NV_WCDMA_1900_HS_IM_LEVEL_2_I;4767
NV_WCDMA_1900_HS_IM_LEVEL_1_I;4768
NV_WCDMA_1900_HS_IM_LEVEL_3_I;4769
NV_WCDMA_1900_HS_IM_LEVEL_4_I;4770
NV_WCDMA_800_HS_LNA_RANGE_RISE_4_I;4771
NV_WCDMA_800_HS_LNA_RANGE_RISE_3_I;4772
NV_WCDMA_800_HS_LNA_RANGE_RISE_2_I;4773
NV_WCDMA_800_HS_LNA_RANGE_RISE_I;4774
NV_WCDMA_800_HS_LNA_RANGE_FALL_2_I;4775
NV_WCDMA_800_HS_LNA_RANGE_FALL_1_I;4776
NV_WCDMA_800_HS_LNA_RANGE_FALL_3_I;4777
NV_WCDMA_800_HS_LNA_RANGE_FALL_4_I;4778
NV_WCDMA_800_HS_IM_LEVEL_3_I;4779
NV_WCDMA_800_HS_IM_LEVEL_2_I;4780
NV_WCDMA_800_HS_IM_LEVEL_1_I;4781
NV_WCDMA_800_HS_IM_LEVEL_4_I;4782
NV_WCDMA_HS_IM_LEVEL_2_I;4783
NV_WCDMA_HS_IM_LEVEL_3_I;4784
NV_WCDMA_HS_IM_LEVEL_4_I;4785
NV_WCDMA_HS_IM_LEVEL_I;4786
NV_WCDMA_HS_LNA_RANGE_FALL_4_I;4787
NV_WCDMA_HS_LNA_RANGE_FALL_3_I;4788
NV_WCDMA_HS_LNA_RANGE_FALL_2_I;4789
NV_WCDMA_HS_LNA_RANGE_FALL_I;4790
NV_WCDMA_HS_LNA_RANGE_RISE_4_I;4791
NV_WCDMA_HS_LNA_RANGE_RISE_3_I;4792
NV_WCDMA_HS_LNA_RANGE_RISE_2_I;4793
NV_WCDMA_HS_LNA_RANGE_RISE_I;4794
NV_GSM_DCS_CARRIER_SUPPRESSION_I;4871
NV_GSM_1900_CARRIER_SUPPRESSION_I;4872
NV_WCDMA_LNA_PHASE_CTL_I;4956
NV_WCDMA_TX_COMP_VS_FREQ_0_SECONDARY_I;4965
NV_WCDMA_TX_COMP_VS_FREQ_1_SECONDARY_I;4966
NV_WCDMA_TX_COMP_VS_FREQ_2_SECONDARY_I;4967
NV_WCDMA_TX_COMP_VS_FREQ_3_SECONDARY_I;4968
NV_WCDMA_TX_COMP_VS_FREQ_SEC_PDM_LIST_I;4969
NV_WCDMA_1900_TX_COMP_VS_FREQ_0_SECONDARY_I;4970
NV_WCDMA_1900_TX_COMP_VS_FREQ_1_SECONDARY_I;4971
NV_WCDMA_1900_TX_COMP_VS_FREQ_2_SECONDARY_I;4972
NV_WCDMA_1900_TX_COMP_VS_FREQ_3_SECONDARY_I;4973
NV_WCDMA_1900_TX_COMP_VS_FREQ_SEC_PDM_LIST_I;4974
NV_WCDMA_800_TX_COMP_VS_FREQ_0_SECONDARY_I;4975
NV_WCDMA_800_TX_COMP_VS_FREQ_1_SECONDARY_I;4976
NV_WCDMA_800_TX_COMP_VS_FREQ_2_SECONDARY_I;4977
NV_WCDMA_800_TX_COMP_VS_FREQ_3_SECONDARY_I;4978
NV_WCDMA_800_TX_COMP_VS_FREQ_SEC_PDM_LIST_I;4979
NV_WCDMA_900_TX_COMP_VS_FREQ_0_SECONDARY_I;4990
NV_WCDMA_900_TX_COMP_VS_FREQ_SEC_PDM_LIST_I;4994
NV_WCDMA_1900_LNA_PHASE_CTL_I;5095
NV_WCDMA_800_LNA_PHASE_CTL_I;5097
NV_WCDMA_900_LNA_PHASE_CTL_I;5101
NV_QISDA_QCN_VER_I;6104
